source,target,weight
0,1,0.76
0,2,0.95
0,3,0.36
0,4,0.31
0,5,0.4
0,6,0.27
0,7,0.35
0,10,0.11
0,13,0.53
0,18,0.99
0,21,0.47
0,25,0.67
0,41,0.55
0,43,0.39
0,49,0.37
0,53,0.77
0,54,0.49
0,62,0.38
0,67,0.74
0,68,0.58
0,74,0.2
0,94,0.86
0,95,0.87
0,103,0.54
0,120,0.65
0,137,0.6
0,155,0.26
0,165,0.78
0,170,0.9
0,180,0.91
0,187,0.56
0,200,0.95
0,213,0.96
0,229,0.35
0,102,0.14
0,121,0.8
0,147,0.15
0,181,0.79
0,252,0.41
1,5,0.29
1,8,0.79
1,12,0.44
1,31,0.15
1,32,0.73
1,43,0.47
1,47,0.72
1,51,0.66
1,69,0.93
1,70,0.72
1,94,0.3
1,123,0.54
1,129,0.34
1,174,0.53
1,213,0.54
1,255,0.31
1,279,0.18
1,87,0.41
2,4,0.31
2,6,0.82
2,61,0.85
2,145,0.93
2,165,0.8
3,4,0.32
3,13,0.88
3,14,0.18
3,18,0.48
3,19,0.8
3,27,0.84
3,29,0.22
3,34,0.76
3,36,0.98
3,44,0.66
3,46,0.5
3,50,0.85
3,65,0.43
3,75,0.79
3,78,0.95
3,81,0.8
3,86,0.89
3,96,0.84
3,112,0.67
3,119,0.88
3,138,0.9
3,159,0.31
3,234,0.98
3,241,0.5
3,264,0.71
3,274,0.51
3,294,0.38
3,125,0.19
3,170,0.88
4,5,0.91
4,9,0.72
4,10,0.33
4,11,0.63
4,12,0.91
4,16,0.77
4,20,0.79
4,21,0.57
4,25,0.99
4,29,0.15
4,30,0.11
4,34,0.7
4,37,0.92
4,38,0.13
4,52,0.76
4,55,0.4
4,56,0.78
4,58,0.26
4,62,0.76
4,67,0.2
4,69,0.89
4,72,0.28
4,74,0.76
4,78,0.22
4,84,0.96
4,85,0.15
4,93,0.17
4,111,0.11
4,113,0.46
4,122,0.35
4,125,0.49
4,128,0.42
4,130,0.86
4,133,0.55
4,135,0.34
4,192,0.56
4,194,0.56
4,197,0.74
4,216,0.68
4,221,0.52
4,222,0.59
4,224,0.99
4,253,0.41
4,258,0.55
4,270,0.73
4,289,0.54
4,14,0.76
4,91,0.42
4,239,0.73
4,269,0.53
4,281,0.19
4,284,0.89
5,6,0.18
5,7,0.93
5,8,0.64
5,9,0.36
5,11,0.16
5,15,0.88
5,16,0.15
5,17,0.44
5,18,0.74
5,20,0.95
5,23,0.82
5,24,0.67
5,31,0.61
5,33,0.42
5,38,0.12
5,44,0.87
5,56,0.97
5,71,0.75
5,72,0.76
5,79,0.28
5,80,0.22
5,83,0.54
5,85,0.57
5,86,0.46
5,91,0.57
5,104,0.48
5,105,0.97
5,144,0.98
5,145,0.61
5,151,0.37
5,159,0.12
5,186,0.31
5,190,0.95
5,191,0.95
5,210,0.4
5,246,0.68
5,250,1.0
5,259,0.89
5,264,0.92
5,267,0.34
5,268,0.19
5,281,0.78
5,296,0.14
5,42,0.5
5,103,0.47
5,127,0.86
5,247,1.0
6,7,0.3
6,8,0.4
6,11,0.86
6,12,0.35
6,13,0.44
6,24,0.49
6,26,0.32
6,28,0.99
6,39,0.78
6,40,0.48
6,43,0.72
6,45,0.99
6,46,0.59
6,51,0.81
6,57,0.95
6,64,0.71
6,66,0.25
6,76,0.75
6,77,0.53
6,83,0.37
6,91,0.39
6,93,0.57
6,99,0.48
6,107,0.5
6,114,0.16
6,118,0.73
6,119,0.61
6,134,0.47
6,139,0.44
6,143,0.2
6,169,0.67
6,178,0.87
6,188,0.4
6,191,0.67
6,192,0.46
6,199,0.16
6,200,0.35
6,249,0.3
6,263,0.87
6,281,0.41
6,290,0.28
6,201,0.7
6,213,0.56
6,248,0.27
6,250,0.89
6,279,0.6
7,9,0.85
7,10,0.62
7,14,0.63
7,15,0.88
7,19,0.32
7,20,0.94
7,21,0.26
7,25,0.99
7,30,0.15
7,33,0.57
7,41,0.4
7,44,0.93
7,49,0.38
7,56,0.98
7,58,0.13
7,64,0.26
7,74,0.19
7,82,0.71
7,86,0.13
7,87,0.46
7,110,0.33
7,111,0.9
7,123,0.82
7,126,0.75
7,132,0.3
7,150,0.28
7,161,0.84
7,162,0.23
7,179,0.16
7,195,0.9
7,201,0.5
7,225,0.82
7,227,0.62
7,231,0.53
7,232,0.84
7,261,0.25
7,267,0.17
7,291,0.53
7,36,0.89
7,154,0.64
7,205,0.93
7,244,0.83
8,14,0.75
8,22,0.36
8,35,0.23
8,39,0.95
8,58,0.65
8,61,0.19
8,71,0.83
8,80,0.55
8,83,0.55
8,88,0.34
8,133,0.79
8,156,0.17
8,195,0.41
8,204,0.18
8,233,0.53
8,251,0.4
8,272,0.12
8,29,0.94
8,101,0.72
8,217,0.48
9,26,0.17
9,42,0.23
9,57,0.72
9,105,0.7
9,138,0.75
9,151,0.35
9,163,0.45
9,212,0.17
9,229,0.91
9,231,0.73
9,233,0.98
9,235,0.39
9,238,0.65
9,297,0.45
9,299,0.53
9,27,0.35
9,34,0.54
9,35,0.99
9,58,0.38
9,83,0.72
9,108,0.91
9,132,0.49
9,173,0.56
9,193,0.25
9,215,0.79
9,239,0.86
9,269,0.5
10,17,0.43
10,19,0.78
10,23,0.52
10,24,0.71
10,40,0.97
10,48,0.21
10,53,0.16
10,60,0.63
10,63,0.97
10,66,0.87
10,95,0.69
10,98,0.64
10,109,0.18
10,112,0.44
10,114,0.77
10,129,0.1
10,163,0.88
10,169,0.98
10,172,0.67
10,192,0.1
10,237,0.25
10,246,0.49
10,255,0.88
10,284,0.8
10,35,0.76
10,93,0.38
10,181,0.26
10,210,0.56
11,90,0.86
11,100,0.95
11,104,0.1
11,127,0.97
11,174,0.3
11,240,0.59
11,12,0.55
11,59,0.78
11,113,0.48
11,129,0.8
11,153,0.36
11,155,0.91
11,214,0.41
11,233,0.61
11,246,0.76
12,15,0.18
12,22,0.79
12,29,0.59
12,46,0.59
12,47,0.76
12,50,0.85
12,51,0.64
12,55,0.56
12,68,0.73
12,97,0.64
12,98,0.27
12,99,0.26
12,101,0.29
12,128,0.62
12,136,0.25
12,143,0.6
12,148,0.94
12,150,0.55
12,154,0.12
12,174,0.72
12,203,0.52
12,206,0.43
12,218,0.99
12,259,0.81
12,262,0.58
12,266,0.81
12,267,0.36
12,277,0.54
12,292,0.72
12,18,0.45
12,45,0.39
12,75,0.1
12,187,0.23
12,236,0.77
12,238,0.48
12,256,0.28
12,284,0.92
13,35,0.2
13,59,0.22
13,79,0.26
13,97,0.98
13,122,0.43
13,168,0.33
13,232,0.22
13,256,0.48
13,286,0.38
13,84,0.31
13,143,0.82
13,146,0.76
13,149,0.1
14,16,0.35
14,17,0.92
14,27,0.43
14,30,0.77
14,32,0.68
14,48,0.31
14,59,0.36
14,87,0.61
14,103,0.69
14,115,0.48
14,149,0.26
14,157,0.83
14,219,0.33
14,223,0.49
14,247,0.1
14,268,0.98
14,22,0.24
14,198,0.71
14,200,0.55
14,211,0.53
15,89,0.16
15,113,0.14
15,114,0.33
15,134,0.57
15,177,0.86
15,183,0.58
15,35,0.78
15,235,0.35
15,257,0.67
15,277,0.69
16,22,0.32
16,28,0.64
16,48,0.45
16,53,0.53
16,61,0.32
16,66,0.89
16,102,0.8
16,106,0.68
16,116,0.78
16,121,0.65
16,126,0.28
16,135,0.55
16,163,0.75
16,232,0.57
16,26,0.84
16,122,0.6
16,182,0.29
16,185,0.75
16,191,0.46
16,240,0.62
16,256,0.58
16,261,0.41
17,20,0.21
17,123,0.5
17,152,0.6
17,166,0.75
18,88,0.97
18,91,0.19
18,127,1.0
18,188,0.41
18,209,0.77
18,292,0.32
18,61,0.13
18,86,0.83
18,128,0.67
18,179,0.85
18,200,0.67
18,211,0.31
18,236,0.59
18,275,0.54
19,33,0.76
19,52,0.42
19,76,0.2
19,90,0.64
19,167,0.12
19,207,0.95
19,54,0.33
19,277,0.92
20,23,0.46
20,73,0.7
20,121,0.94
20,140,0.94
20,145,0.26
20,230,0.92
20,298,0.8
20,36,0.75
20,78,0.15
20,126,0.46
20,190,0.24
20,290,0.75
21,69,0.47
21,164,0.67
21,190,0.27
21,293,0.18
21,34,0.15
21,36,0.46
21,72,0.51
21,96,0.98
21,191,0.83
21,282,0.58
22,27,0.47
22,31,0.5
22,34,0.74
22,45,0.73
22,68,0.53
22,71,0.58
22,92,0.16
22,93,0.65
22,122,0.42
22,148,0.62
22,161,0.34
22,167,0.49
22,178,0.95
22,230,0.62
22,284,0.61
22,79,0.3
22,123,0.43
22,177,0.72
22,239,0.35
22,240,0.7
22,264,0.24
22,280,0.33
23,57,0.45
23,76,0.15
23,137,0.31
23,149,0.24
23,221,0.99
23,31,0.72
23,113,0.55
23,176,0.45
23,177,0.2
24,39,0.58
24,137,0.8
24,208,0.2
24,36,0.58
24,105,0.47
24,204,0.45
24,227,0.29
24,229,0.62
24,250,0.12
24,252,0.31
24,282,0.43
24,289,0.53
25,26,0.34
25,36,0.46
25,45,0.28
25,47,0.6
25,60,0.53
25,65,0.23
25,82,0.46
25,84,0.73
25,104,0.39
25,115,0.11
25,121,0.23
25,224,0.94
25,263,0.74
25,289,0.86
25,106,0.56
25,177,0.74
25,212,0.42
25,238,0.8
25,254,0.81
26,28,0.12
26,36,0.66
26,73,0.63
26,88,0.56
26,136,0.49
26,147,0.72
26,175,0.73
26,248,0.24
26,77,0.73
26,179,0.34
26,217,0.82
27,37,0.99
27,38,0.72
27,80,0.94
27,189,0.16
27,288,0.34
27,295,0.13
27,87,0.55
27,97,0.52
27,100,0.3
27,132,0.75
27,144,0.54
27,151,0.35
27,158,0.85
27,172,0.96
27,201,0.39
27,207,0.99
27,235,0.86
27,254,0.66
28,242,0.45
28,59,0.74
28,62,0.54
28,97,0.75
28,102,0.62
28,146,0.67
28,150,0.51
28,159,0.23
28,181,0.23
28,293,0.49
29,42,0.88
29,63,0.44
29,70,0.71
29,101,0.78
29,117,0.39
29,123,0.32
29,141,0.95
29,147,0.11
29,35,0.55
29,81,0.22
29,145,0.8
29,268,0.77
30,32,0.87
30,54,0.53
30,131,0.48
30,143,0.89
30,205,0.99
30,206,0.52
30,228,0.9
30,257,0.49
30,265,0.61
30,56,0.87
30,89,0.72
30,127,0.91
30,185,0.2
30,252,0.42
30,284,0.88
30,287,0.44
30,295,0.63
31,67,0.11
31,84,0.94
31,100,0.56
31,184,0.89
31,222,0.24
31,223,0.96
31,234,0.13
31,271,0.41
31,58,0.11
31,129,0.12
31,176,0.65
31,196,0.79
31,199,0.66
31,203,0.17
31,267,0.41
31,283,0.58
32,258,0.93
32,168,0.94
32,247,0.3
33,55,0.63
33,145,0.7
33,153,0.88
33,207,0.88
33,234,0.33
33,297,0.42
33,70,0.49
33,86,0.26
33,151,0.26
33,205,0.19
33,211,0.77
33,212,0.58
33,243,0.65
34,35,0.35
34,37,0.18
34,40,0.66
34,52,0.8
34,63,0.62
34,64,0.69
34,102,0.92
34,136,0.46
34,139,0.64
34,141,0.29
34,152,0.15
34,186,0.6
34,193,0.39
34,195,0.63
34,214,0.63
34,219,0.14
34,253,0.11
34,273,0.76
34,274,0.71
34,117,0.49
35,156,0.43
35,47,0.16
35,147,0.86
35,160,0.84
35,189,0.29
35,201,0.91
35,230,0.69
35,237,0.16
35,288,0.23
36,42,0.87
36,70,0.36
36,102,0.73
36,223,0.55
36,253,0.2
36,284,0.51
37,78,0.27
37,108,0.12
37,125,0.44
37,131,0.82
37,244,0.31
37,43,0.58
37,212,0.16
38,124,0.38
38,139,0.59
38,78,0.9
38,109,0.82
38,161,0.62
38,188,0.78
38,235,0.9
39,41,0.46
39,79,0.55
39,239,0.97
39,100,0.31
39,165,0.8
39,180,0.27
39,187,0.36
39,236,0.42
39,278,0.17
39,283,0.42
40,152,0.39
40,183,0.88
40,271,0.6
41,49,0.27
41,65,0.2
41,155,0.19
41,199,0.69
41,223,0.15
41,178,0.73
41,180,0.59
42,81,0.77
42,110,0.58
42,175,0.48
42,66,0.34
42,73,0.94
42,121,0.16
42,147,0.98
42,154,0.35
42,155,0.11
42,163,0.89
43,59,0.59
43,109,0.95
43,156,0.49
43,239,0.99
43,282,0.51
43,48,0.66
43,94,0.27
43,187,0.55
43,246,0.86
43,286,0.15
44,54,0.96
44,110,0.33
44,116,0.51
44,75,0.58
44,119,0.13
44,195,0.46
44,233,0.24
44,282,0.12
45,50,0.81
45,89,0.75
45,126,0.85
45,127,0.45
45,140,0.11
45,165,0.68
45,176,0.38
45,177,0.66
45,189,0.88
45,290,0.42
45,299,0.87
45,59,0.22
45,118,0.9
45,155,0.8
45,293,0.8
46,72,0.3
46,92,0.4
46,142,0.48
46,152,0.67
46,177,0.87
46,220,0.49
46,223,0.15
46,237,0.99
47,108,0.42
47,130,0.99
47,162,0.66
47,78,0.85
47,185,0.87
47,223,0.68
48,87,0.73
48,149,0.49
48,196,0.54
48,90,0.9
48,183,0.29
48,211,0.82
48,230,0.62
48,235,0.97
48,242,0.63
48,260,0.93
49,60,0.38
49,73,0.34
49,55,0.52
49,93,0.89
49,98,0.86
49,172,0.14
49,218,0.27
49,237,0.88
49,263,0.17
49,275,0.81
49,289,0.8
50,157,0.76
50,158,0.94
50,226,0.83
50,71,0.12
50,99,0.21
50,116,0.22
50,136,0.48
50,178,0.8
51,75,0.55
51,96,0.92
51,116,0.79
51,120,0.38
51,128,0.33
51,226,0.69
51,277,0.25
51,231,0.19
51,242,0.83
52,93,0.62
52,119,0.22
52,215,0.68
52,240,0.79
52,289,0.22
53,97,0.54
53,132,0.27
53,73,0.67
53,79,0.6
53,118,0.8
53,164,0.95
54,61,0.81
54,118,0.11
54,227,0.92
54,98,0.58
54,133,0.19
54,153,0.34
54,197,0.98
55,138,0.32
55,242,0.58
55,266,0.79
55,99,0.11
55,111,0.38
55,162,0.3
55,234,0.28
55,255,0.89
55,265,0.56
56,70,0.34
56,99,0.24
56,107,0.43
56,108,0.39
56,111,0.97
56,112,0.92
56,166,0.45
56,205,0.78
56,221,0.13
56,243,0.69
56,299,0.4
56,72,0.6
56,77,0.13
56,116,0.74
56,143,0.92
56,172,0.62
57,142,0.41
57,178,0.89
57,215,0.78
57,277,0.59
58,82,0.39
58,239,0.85
58,274,0.88
58,88,0.15
58,116,0.18
58,207,0.38
59,129,0.3
59,146,0.59
59,161,0.72
59,248,0.82
59,82,0.4
59,122,0.59
59,128,0.6
59,152,0.14
59,174,0.53
59,256,0.66
59,261,0.92
59,297,0.82
60,184,0.66
60,197,0.75
60,277,0.2
60,67,0.35
60,88,0.58
60,178,0.57
60,222,0.83
60,294,0.41
60,295,0.78
61,62,0.67
61,124,0.81
61,165,0.2
61,179,0.37
61,86,0.48
61,89,0.18
61,107,0.64
61,120,0.63
61,127,0.33
61,150,0.51
61,166,0.13
61,221,0.88
61,270,0.47
62,115,0.43
62,153,0.86
62,158,0.92
62,74,0.45
62,202,0.58
62,219,0.43
62,293,0.87
63,149,0.38
63,181,0.4
63,216,0.8
63,265,0.67
64,75,0.46
64,99,0.55
64,141,0.82
64,184,0.48
64,224,0.42
64,249,0.66
65,298,0.42
65,95,0.64
65,96,0.25
65,101,0.31
65,262,0.35
65,265,0.8
65,291,0.22
66,161,0.9
66,188,0.6
66,210,0.85
66,251,0.26
67,94,0.44
67,71,0.98
67,110,0.56
67,139,0.38
67,144,0.68
67,155,0.57
67,179,0.45
67,183,0.38
67,184,0.9
67,249,0.59
67,278,0.31
68,167,0.3
68,282,0.4
68,181,0.95
68,261,0.69
68,287,0.78
69,77,0.28
69,95,0.69
69,164,0.17
69,280,0.28
69,106,0.71
69,165,0.28
69,239,0.49
69,242,0.83
69,243,0.95
69,268,0.91
70,109,0.25
70,187,0.56
70,240,0.53
70,242,0.37
70,73,0.51
70,87,0.85
70,113,0.81
70,165,0.5
70,216,0.77
70,269,0.3
70,279,0.66
70,286,0.83
71,77,0.2
71,103,0.79
71,166,0.17
71,170,0.73
71,236,0.88
71,273,0.6
71,297,0.89
71,76,0.41
71,111,0.59
71,134,0.7
71,145,0.57
71,163,0.95
71,206,0.83
71,250,0.7
71,275,0.21
72,75,0.67
72,143,0.78
72,218,0.73
72,264,0.71
72,288,0.37
73,210,0.57
73,238,0.38
73,81,0.35
73,82,0.88
73,118,0.28
73,201,0.53
73,265,0.62
73,274,0.48
73,286,0.77
73,294,0.41
74,106,0.41
74,124,0.54
74,181,0.61
74,264,0.86
74,290,0.45
74,130,0.56
74,222,0.32
74,254,0.36
74,267,0.23
74,297,0.21
75,132,0.56
75,183,0.64
75,125,0.33
75,139,0.38
75,147,0.63
75,148,0.95
75,155,0.21
75,200,0.19
75,248,0.93
75,271,0.56
75,286,0.49
76,81,0.38
76,85,0.33
76,285,0.16
76,158,0.48
76,226,0.8
77,117,0.7
77,193,0.14
77,216,0.85
77,113,0.7
77,146,0.33
77,160,0.92
77,187,0.37
77,256,0.39
77,272,1.0
77,273,0.54
77,292,0.96
78,90,0.86
78,237,0.12
78,273,0.84
78,88,0.44
78,115,0.19
78,119,0.49
78,183,0.71
78,224,0.44
78,257,0.95
79,187,0.99
79,205,0.42
79,230,0.53
79,97,0.27
79,131,0.48
79,133,0.97
79,137,0.34
79,141,0.75
79,160,0.18
79,232,0.34
80,96,0.67
80,135,0.56
80,217,0.11
80,243,0.11
80,289,0.2
80,131,0.44
80,202,0.68
80,211,0.69
80,214,0.37
80,250,0.41
80,276,0.38
81,89,0.42
81,153,0.35
81,203,0.87
81,206,0.69
81,228,0.39
81,281,0.8
81,126,0.59
81,145,0.87
81,165,0.45
81,178,0.13
81,226,0.88
81,238,0.26
82,84,0.45
82,167,0.75
82,193,0.86
82,227,0.57
83,142,0.58
83,143,0.32
83,216,0.57
83,262,0.9
84,202,0.44
85,92,0.59
85,107,0.58
85,244,0.87
85,252,0.74
85,115,0.98
86,188,0.69
86,258,0.12
86,104,0.64
86,144,0.13
86,162,0.94
86,173,0.81
86,185,0.75
86,193,0.45
86,228,0.33
86,288,0.1
87,145,0.12
87,228,0.11
87,233,0.7
87,250,0.34
88,100,0.74
88,280,0.21
88,296,0.65
88,199,0.14
88,279,0.18
89,102,0.56
89,159,0.31
89,202,0.15
89,225,0.26
89,229,0.67
89,234,0.44
89,253,0.74
89,255,0.22
89,294,1.0
90,121,0.27
90,181,0.29
90,264,0.55
91,170,0.85
91,225,0.65
91,250,0.39
91,286,0.34
91,162,0.29
91,177,0.93
91,181,0.45
91,198,0.14
92,286,0.63
93,101,0.33
93,168,0.31
93,202,0.29
93,211,0.86
93,261,0.25
93,145,0.78
93,171,0.69
93,187,0.43
93,209,0.63
93,220,0.15
93,278,0.81
94,113,0.79
94,160,0.88
94,171,0.97
94,257,0.61
94,102,0.9
94,170,0.79
94,208,0.86
95,98,0.19
95,117,0.71
95,173,0.41
95,185,0.65
95,204,0.49
95,265,0.23
95,141,0.15
95,168,0.44
95,217,0.16
95,270,0.12
96,202,0.61
96,292,0.74
96,124,0.24
96,147,0.33
97,120,0.11
97,125,0.38
97,172,0.33
97,201,0.73
97,227,0.2
97,159,0.87
97,186,0.36
97,211,0.81
98,133,0.65
98,141,0.87
98,144,0.73
98,148,0.49
98,193,0.48
98,161,0.75
98,191,0.98
98,236,0.98
98,284,0.24
98,292,0.42
99,185,0.36
99,220,0.84
99,288,0.49
99,291,0.14
99,126,0.21
99,147,0.78
99,162,0.62
99,215,0.26
99,253,0.27
100,181,0.33
100,203,0.42
100,107,0.52
100,121,0.92
100,158,0.27
100,174,0.68
100,247,0.39
100,248,0.62
100,276,0.43
101,105,0.91
101,127,0.61
101,151,0.24
101,220,0.16
101,250,0.53
101,251,0.88
101,258,0.39
101,267,0.64
102,106,0.66
102,166,0.51
102,293,0.46
102,110,0.38
102,159,0.25
102,220,0.86
102,247,0.83
102,259,0.71
102,299,0.66
103,178,0.4
103,167,0.49
103,200,0.58
103,252,0.49
103,256,0.47
103,257,0.41
103,285,0.51
104,164,0.29
104,214,0.76
104,115,0.17
104,129,0.21
104,226,0.16
104,272,0.3
104,273,0.78
105,176,0.73
105,180,0.56
105,245,0.42
105,116,0.29
105,150,0.8
105,250,0.81
105,262,0.26
106,181,0.37
106,254,0.76
106,191,0.29
106,202,0.81
106,213,0.36
106,239,0.8
106,252,0.4
106,273,0.81
107,275,0.36
107,280,0.56
107,127,0.74
107,188,0.31
107,245,0.48
107,290,0.57
108,142,0.28
108,176,0.72
108,186,0.43
108,146,0.43
108,196,0.36
108,218,0.13
108,244,0.87
108,264,0.94
109,202,0.72
109,243,0.94
109,257,0.41
109,285,0.97
110,282,0.42
110,118,0.54
110,131,0.71
110,163,0.36
110,165,0.44
110,169,0.95
110,173,0.12
110,190,0.81
110,244,0.96
110,281,0.75
110,291,0.68
111,130,0.83
111,131,0.76
112,182,0.24
112,287,0.77
112,132,0.52
112,158,0.97
112,184,0.53
112,225,0.39
112,268,0.9
112,288,0.12
113,263,0.14
113,283,0.92
113,161,0.14
113,168,0.29
113,216,0.12
114,118,0.26
114,225,0.19
114,226,0.23
114,254,0.62
114,214,0.97
114,223,0.2
114,288,0.19
115,155,0.83
115,175,0.64
115,198,0.3
115,209,0.27
115,278,0.6
115,162,0.92
115,189,0.19
115,277,0.98
116,119,0.94
116,140,0.47
116,265,0.31
116,298,0.22
116,131,0.77
116,220,0.77
117,204,0.2
117,218,0.34
117,262,0.28
117,286,0.53
117,287,0.4
117,288,0.13
117,238,0.39
117,296,0.85
118,160,0.45
118,168,0.59
118,220,0.5
119,192,0.6
119,228,0.83
119,229,0.79
119,232,0.96
119,284,0.71
120,134,0.67
120,190,0.79
120,199,0.19
120,182,0.26
120,206,0.58
121,247,0.27
121,133,0.92
121,170,0.74
121,208,0.45
121,276,0.4
122,150,0.81
122,154,0.47
122,202,0.71
122,231,0.29
122,297,0.75
123,169,0.84
123,146,0.61
123,198,0.27
123,210,0.13
123,242,0.89
123,263,0.41
124,137,0.17
124,184,0.51
124,219,0.26
124,221,0.73
124,290,0.19
125,172,0.36
125,136,0.4
125,264,0.51
125,273,0.99
125,274,0.6
126,251,0.52
126,242,0.67
127,203,0.25
127,231,0.44
127,237,0.89
128,146,0.89
128,173,0.4
128,214,0.36
128,237,0.99
128,276,0.62
128,137,0.11
128,208,0.65
129,131,0.65
129,173,0.49
129,241,0.65
129,294,0.17
129,288,0.75
130,142,0.11
130,208,0.73
130,271,0.49
130,278,0.94
131,154,0.99
131,180,0.61
131,223,0.65
132,212,0.3
132,162,0.57
132,168,0.2
132,172,0.61
133,207,0.68
133,149,0.9
133,197,0.66
133,200,0.36
133,258,0.97
133,299,0.92
134,158,0.51
134,189,0.45
134,215,0.26
134,220,0.97
134,153,0.18
134,195,0.73
135,211,0.11
135,218,0.23
135,136,0.18
135,200,0.4
135,222,0.54
135,258,0.92
136,146,0.57
136,211,0.46
136,250,0.3
136,205,0.93
136,206,0.51
137,181,0.4
137,194,0.28
137,219,0.89
138,154,0.13
138,198,0.55
139,144,0.83
139,147,0.64
139,235,0.47
139,256,0.49
139,289,0.49
140,171,0.9
140,186,0.58
140,275,0.83
141,180,0.85
141,269,0.34
141,147,0.16
141,159,0.45
141,223,0.92
141,257,0.15
141,277,0.7
142,144,0.46
142,165,0.88
142,195,0.78
142,289,0.37
143,167,0.65
143,201,0.86
144,208,0.29
144,210,0.65
144,149,0.46
144,225,0.43
145,163,0.81
145,220,0.77
145,255,0.17
145,297,0.41
146,160,0.5
146,179,0.16
146,228,0.14
146,175,0.28
146,185,0.15
146,252,0.7
146,261,0.23
146,273,0.4
146,298,0.47
147,253,0.6
148,198,0.67
148,250,0.99
148,270,0.79
148,275,0.59
148,278,0.65
148,282,0.65
149,151,0.99
149,182,0.88
149,168,0.37
149,202,0.33
150,157,0.24
150,251,0.19
150,163,0.61
150,229,0.79
151,154,0.25
151,217,0.19
151,253,0.41
151,254,0.88
151,256,0.94
151,206,0.49
151,218,0.48
151,297,0.68
152,162,0.79
152,209,0.78
152,201,0.91
152,221,0.2
152,224,0.14
152,236,0.35
152,238,0.69
153,183,0.89
153,202,0.75
153,248,0.76
153,293,0.66
154,167,0.2
154,250,0.21
154,265,0.97
155,272,0.77
155,174,0.36
155,210,0.42
156,168,0.15
156,200,0.41
156,259,0.7
156,260,0.73
156,285,0.71
156,163,0.53
156,211,0.35
156,283,0.25
156,291,0.64
157,279,0.46
157,181,0.3
157,241,0.47
157,272,0.16
157,286,0.26
158,196,0.82
158,250,0.37
158,252,0.22
158,262,0.72
158,295,0.72
159,252,0.73
159,295,0.77
160,171,0.26
160,224,0.41
160,249,0.64
160,241,0.75
160,251,0.11
161,182,0.36
161,194,0.33
161,196,0.58
161,236,0.18
161,246,0.35
161,256,0.67
161,260,0.22
161,192,0.71
162,219,0.94
162,181,0.73
162,185,0.84
162,245,0.82
162,247,0.46
163,229,0.69
163,184,0.78
163,261,0.27
163,267,0.81
164,184,0.95
164,235,0.49
164,276,0.87
164,177,0.12
164,283,0.19
165,213,0.68
165,271,0.19
165,201,0.24
166,210,0.81
166,221,0.79
167,169,0.45
167,209,0.94
168,217,0.9
168,209,0.8
168,237,0.58
168,286,0.64
168,291,0.54
169,216,0.25
169,269,0.65
169,232,0.86
169,281,0.63
170,272,0.11
170,295,0.49
170,224,0.32
170,241,0.88
171,191,0.19
171,262,0.85
171,211,0.39
171,246,0.17
172,200,0.52
172,227,0.68
172,264,0.31
172,295,0.5
173,235,0.22
173,255,0.86
173,262,0.91
173,271,0.32
173,290,0.64
174,181,0.1
174,274,0.45
175,249,0.38
175,178,0.68
176,181,0.52
176,191,0.53
176,297,0.41
177,237,0.51
177,252,0.79
177,266,0.28
177,285,0.18
178,185,0.22
178,202,0.72
178,239,0.39
178,281,0.32
179,194,0.12
179,222,0.28
180,201,0.88
180,214,0.4
181,183,0.44
181,220,0.92
182,193,0.47
182,248,0.5
183,196,0.33
183,253,0.91
183,266,0.27
183,267,0.92
184,247,0.16
184,205,0.19
184,282,0.18
185,283,0.47
185,188,0.3
185,195,0.36
185,218,0.59
186,215,0.81
186,255,0.37
186,285,0.23
186,190,0.69
186,192,0.28
186,220,0.43
186,226,0.89
186,237,0.12
186,269,0.89
186,276,0.65
186,295,1.0
187,198,0.68
187,287,0.69
188,224,0.38
188,239,0.61
188,266,0.32
189,200,0.42
189,252,0.44
190,278,0.41
190,249,0.87
190,279,0.74
191,276,0.49
191,293,0.18
191,291,0.46
192,266,0.48
192,269,0.92
192,247,0.28
192,260,0.18
193,197,0.94
194,208,0.39
194,221,0.27
194,233,0.78
194,240,0.22
194,259,0.23
195,222,0.39
195,236,0.29
195,249,0.38
195,258,0.69
195,272,0.75
196,268,0.84
197,260,0.64
197,261,0.79
198,296,0.61
198,257,0.74
198,291,0.64
199,212,0.47
199,241,0.98
199,217,0.51
199,297,0.59
200,240,1.0
200,222,0.3
200,233,0.26
200,243,0.7
200,260,0.55
200,295,0.98
201,275,0.45
201,216,0.11
201,217,0.49
201,229,0.18
201,231,0.28
201,255,0.72
201,289,0.81
202,219,0.68
202,224,0.39
202,250,0.14
202,254,0.38
203,231,0.98
205,213,0.55
205,263,0.11
206,287,0.95
206,214,0.9
206,223,0.11
207,245,0.46
207,285,0.23
208,215,0.67
208,233,0.96
208,255,0.69
208,286,0.61
209,238,0.33
209,221,0.88
210,229,0.71
210,277,0.21
211,230,0.95
212,224,0.67
212,240,0.28
212,291,0.94
213,223,0.94
213,247,0.25
213,257,0.94
213,270,0.76
214,231,0.27
214,239,0.89
214,251,0.95
214,259,0.34
214,295,0.38
217,247,0.36
217,263,0.45
218,223,0.48
219,252,0.68
219,255,0.79
219,284,0.65
220,294,0.49
220,265,0.69
220,284,0.45
221,232,0.67
221,239,0.93
221,240,0.45
221,247,0.56
221,249,0.74
221,283,0.1
223,255,0.81
224,231,0.72
224,261,0.29
224,232,0.22
224,285,0.65
225,247,0.6
226,228,0.82
226,292,0.75
227,281,0.95
228,248,0.83
229,275,0.85
229,240,0.1
229,253,0.68
229,291,0.48
231,235,0.87
231,268,0.21
231,269,0.61
233,269,0.16
233,285,0.87
233,298,0.35
234,286,0.18
235,242,0.59
236,245,0.21
236,237,0.76
236,267,0.42
236,285,0.96
237,249,0.98
237,277,0.77
238,243,0.82
238,270,0.59
238,284,0.62
238,292,0.39
238,293,0.72
238,296,0.46
239,252,0.84
240,244,0.56
240,271,0.27
240,289,0.24
240,293,0.55
241,256,0.61
241,283,0.74
242,279,0.16
243,288,0.8
243,297,0.78
244,291,0.61
245,271,0.44
245,270,0.16
247,273,0.94
247,291,0.65
248,268,0.66
248,265,0.27
249,279,0.76
250,258,0.96
250,271,0.51
251,265,0.64
252,257,0.92
252,256,0.55
253,259,0.82
256,283,0.14
256,270,0.61
257,278,0.27
258,261,0.83
259,295,0.89
259,284,0.3
260,287,0.76
261,270,0.96
264,270,0.76
269,292,0.84
271,285,0.96
272,289,0.76
272,291,0.17
279,285,0.14
286,290,0.52
288,289,0.12
290,294,0.86
